SiteID,Below_Capacity,Over_Capacity,Min_IQR_Upper_Bound_Value,Max_Value_95Perc,Average_Rate_Of_Change,Unusual_Change_90th_Perc.,MaxRoC,Unusual_Spike
6,0,137,179.5,137,3.09359816,14,118,14
18,0,8.8,9.711710179,8.8,0.229075163,1.026489365,8.5,1.026489365
19,0,57,70.34586627,57,1.959917261,8,82.2,8
21,0,30.06759103,41,30.06759103,2.025168731,7.536007047,158.2764296,7.536007047
26,0,30.3,38.12146875,30.3,1.030683955,4.5505,60,4.5505
29,0,144,203.5,144,4.33877335,18.12217375,945,18.12217375
30,0,88,128.2208325,88,2.529913373,12,706,12
33,0,3.8,3.812,3.8,0.157577042,1,8,1
35,0,4.5,5.85,4.5,0.197514233,1.230247505,5.5,1.230247505
36,0,2.8,3,2.8,0.130426442,0.8,5.19,0.8
56,0,102,134.7352665,102,2.658365876,11,85.5,11
73,0,200,302,200,4.773572427,17.5,20156.66797,17.5
87,0,15.62917,23.229175,15.62917,0.513582017,3,20.16666,3
91,0,131.58749,215.056255,131.58749,1.906461267,9.1649935,140.79999,9.1649935
99,0,8.6,11,8.6,0.459101734,3.025,21.175,3.025
101,0,42.25,42.25,49.4,1.73009377,8.6,164.9,8.6
103,0,83.60001,116.15,83.60001,2.344793106,11.738,163.99,11.738
113,0,10.895,10.895,10.9,0.217883686,1.2,16,1.2
115,0,4,5.25,4,0.176884192,1.0008,7.189,1.0008
122,0,151481.4,192733,151481.4,500.0973129,946,144126.05,946
181,0,3,5.25,3,0.137990704,1.100062158,3,1.100062158
248,0,20.16666671,27.6125,20.16666671,0.318357709,1.6,57,1.6
250,0,43,56.95,43,0.741626452,5,53.9,5
251,0,33,40,33,0.485838436,2.26,33.275,2.26
268,0,8.775,8.775,12.46,1.98846417,1.5905,273.25836,1.5905
270,0,7.195,7.195,9,1.88160866,1.7,204.69202,1.7
368,0,11.9,14.2375,11.9,0.210537189,0.8,39.93000076,0.8
434,0,160,207.76165,160,2.901762962,16.13333337,600,16.13333337
472,0,16,22.5,16,0.413077337,2,21,2
481,0,165343,192752,165343,540.3865904,675,712285,675
492,0,5,5.25,5,0.224825275,1.5,8,1.5
494,0,439.1812496,439.1812496,1000.616004,26.21089065,145,1901.60001,145
500,0,60970,80910,60970,511.1467952,680,61080,680
501,0,333.025,333.025,455.8,8.694318765,41.575,12299.8,41.575
509,0,49,49.5,49,1.043677539,4.87975,64,4.87975
510,0,58,67,58,1.719022482,8,72,8
512,0,33,36,33,0.705802749,3,50,3
513,0,32,35.49375,32,1.083544401,5.243913043,74.82,5.243913043
516,0,151,213.4184783,151,4.204717952,17,800,17
518,0,269.7291673,356.2,269.7291673,6.457430741,30.25000007,4840.000011,30.25000007
522,0,67,88.92880435,67,1.745912358,9.045576087,288,9.045576087
525,0,272,357.25,272,8.600825967,33,329,33
526,0,174,246.2632691,174,6.89822911,24.9745,220,24.9745
528,0,78,98,78,3.225411661,13,84,13
529,0,50,59.1,50,2.357423324,10,183,10
533,0,376,376,385,11.4613281,47,805,47
534,0,121,121,314.7,7.947400953,34,3944,34
535,0,72920,103590,72920,367.5070281,880,73650,880
536,0,20080,23873.75,20080,3387.128894,17550,21020,17550
538,0,48250,61865.4825,48250,10834.55971,43660,49840,43660
539,0,185,227.75,185,3.068289364,17,895.3,17
555,0,11.18804348,14.5,11.18804348,0.753771986,3.4995,80,3.4995
580,0,596.3895,996.53625,596.3895,12.30540459,47.8865,1991.45825,47.8865
710,0,57,70,57,1.654241476,7,64.00002,7
711,0,36,54.13975,36,1.263957531,6,43,6
712,0,16,19.63125,16,0.50856376,3,21,3
713,0,25,28,25,0.785560283,4,234,4
714,0,10,12.5,10,0.627243543,4,52.665,4
719,0,24.55,24.55,27,1.14521265,5,82.05,5
720,0,46,61.1,46,1.605613772,7,55,7
721,0,52,61.30625,52,1.804664548,8,86,8
722,0,24,28.5,24,1.074844786,5,43,5
723,0,15.8085,17,15.8085,0.550829232,3,25,3
724,0,8.4,10.75,8.4,0.394204015,2,64,2
725,0,257,352,257,4.338341204,23,883.8,23
726,0,13,22,13,1.161711898,6.69925,16,6.69925
727,0,23,37.847375,23,1.597051789,7.513,52.97,7.513
730,0,14.75,14.75,15,0.572673331,2.5,18,2.5
731,0,72,93.5,72,2.595423435,11,90,11
732,0,291,470.5,291,6.754499706,28.00003,287,28.00003
733,0,40,54.1855,40,2.550719125,10,256,10
736,0,62,81,62,2.278172881,10.415,83,10.415
737,0,26,37.6875,26,0.990299556,5,48.63,5
738,0,43,55.31199625,43,1.87626754,9,93,9
739,0,110,168.5,110,3.926660234,17,131,17
740,0,32.00001,43,32.00001,1.890122889,8.0326,67,8.0326
741,0,60.00001,78,60.00001,2.688509973,13.665,110,13.665
742,0,84,127.5,84,3.213247807,15,100,15
743,0,31,44.2,31,1.570593558,7,39.5,7
744,0,41,55,41,1.989027663,9,140.1,9
745,0,22,25.25,22,0.877038795,5,36,5
746,0,24,30.5,24,0.979491685,5.5,42.39,5.5
748,0,398,542,398,16.35951214,54,6999,54
749,0,237,324.499985,237,7.858516285,36,258,36
750,0,30.3,40.5,30.3,1.961860853,10,102,10
751,0,114,151.5,114,5.453234767,23,185,23
752,0,134,181.5,134,6.13922729,24.99999,274,24.99999
753,0,80,104,80,4.991025943,19.23,105.00002,19.23
754,0,17,21,17,1.58876302,8,27.3,8
757,0,13,16,13,0.665515293,5,33,5
777,0,15418,15869.5,15418,50.23499131,108.32,14092,108.32
778,0,24.2,46.485,24.2,0.66331389,0.5042,315.96,0.5042
836,0,178,178,332.00006,10.05097692,41,706.00012,41
848,0,384,421.5,384,17.08518149,74,9100,74
1391,0,225.4,321.450025,225.4,10.83355509,35.5,1893.6,35.5
1394,0,83.7,109.65,83.7,3.83781676,20.0350065,98.3,20.0350065
1395,0,32.2,43.7,32.2,1.273817078,6.1,38.9,6.1
1397,0,74.8,104.5,74.8,3.334501181,16.2,631.8,16.2
1525,0,65.1,91.05,65.1,2.420399454,11,71.8,11
1541,0,7.75157,9.773125,7.75157,0.2325748,0.939,61.65254348,0.939
1551,0,17.59878261,22.44194022,17.59878261,1.40027915,2.43965,1388.388,2.43965
1556,0,3.2,3.5,3.2,0.157167772,0.747057609,13.17,0.747057609
1622,0,134,147.5,134,3.820723397,18,210,18
1685,0,2,3.8,2,0.192422081,1.5,3.764376068,1.5
1689,0,0.536321236,0.536321236,1,0.029154446,0.173305523,1,0.173305523
1690,0,4.401878702,5.380252352,4.401878702,0.430779735,3.428265194,5.128747086,3.428265194
1691,0,3,3.5,3,0.068673711,0,3.5,0
1692,0,8,10.5,8,0.370510498,3,11.4127483,3
1693,0,5.10899481,5.7,5.10899481,0.318280511,2.903882638,5.1484375,2.903882638
1695,0,3.615582939,4.15,3.615582939,0.401189114,2.031572058,4.210053286,2.031572058
1696,0,3,5.823960323,3,0.275280629,2.203670444,3,2.203670444
1697,0,4,4.430271969,4,0.229603447,2,4,2
1698,0,3.769761351,5.478327395,3.769761351,0.315468302,2.085950544,4,2.085950544
1699,0,3.759625272,4.5,3.759625272,0.284937794,2.1,4,2.1
1700,0,0.787329524,0.89,0.787329524,0.021203681,0.2,1.395660706,0.2
1701,0,7,10,7,0.784486323,6,8.313614094,6
1704,0,1.079096509,1.714133909,1.079096509,0.05548269,0.5,2.242805935,0.5
1706,0,5,8.205602421,5,0.33172851,2.5,5,2.5
1707,0,5.5,5.5,6,0.30583344,2,100.8,2
1711,0,1.380872122,1.75,1.380872122,0.055977779,0.419995784,11.8,0.419995784
1714,0,3,5.990064865,3,0.216785879,1.630415119,3.5,1.630415119
1715,0,4,8.98,4,0.175494362,0.75,4,0.75
1716,0,2.2,3.166341364,2.2,0.109074607,1,16,1
1719,0,1.7,2.6,1.7,0.076914736,0.6,2.005707223,0.6
1720,0,2.7,5.067017317,2.7,0.124313847,1,3,1
1721,0,1.45,1.45,1.6,0.081210326,0.8,2.1,0.8
1723,0,2.2,3.624399808,2.2,0.122837481,1,2.803102161,1
1724,0,1.636957447,1.75,1.636957447,0.05993553,0.5,4.532456224,0.5
1732,0,3,4.670569418,3,0.174945893,1.378392925,3.5,1.378392925
1733,0,2.851322109,3.95,2.851322109,0.164800059,1.175581452,3,1.175581452
1734,0,1,1,1.5,0.075182513,0.839926581,10,0.839926581
1736,0,2.435947897,3.5,2.435947897,0.193382078,1.876556753,2.81746895,1.876556753
1737,0,3.1,5.25,3.1,0.202790591,1.712812522,3.2,1.712812522
1744,0,3.8,5.125134143,3.8,0.243881721,1.741718656,4.9,1.741718656
1745,0,1.1,1.9,1.1,0.102820005,0.6,1.711875,0.6
1748,0,4,5.5,4,0.231145115,1.868369462,4.473170481,1.868369462
1749,0,4.5,5.608308723,4.5,0.319829817,2,4.927111739,2
1754,0,2,3.310995732,2,0.122309618,1,2.5,1
1755,0,3.5,3.668639663,3.5,0.102536843,0.786377181,5,0.786377181
1768,0,3,3.5,3,0.121001661,0.975155484,3.092204296,0.975155484
1770,0,2.57421875,4.513863673,2.57421875,0.072672866,0.5,3,0.5
1772,0,2.25263233,3.660786164,2.25263233,0.049326921,0.211872387,3.31,0.211872387
1774,0,1.701171634,2.066962211,1.701171634,0.049200393,0.268052537,5,0.268052537
1775,0,1.1,2,1.1,0.014609717,0,2,0
1862,0,176,256,176,2.274900934,11,146,11
1863,0,741,1237,741,9.269755954,46,599,46
1883,0,309,355,309,9.94238929,39.000021,1500,39.000021
1901,0,3216.5,3216.5,3375.7,118.0896904,547.05,4466,547.05
1928,0,1736.8,3292.68,1736.8,51.03527643,170,1970,170
1930,0,52650,82214.1625,52650,261.4254855,794.75,41371,794.75
1931,0,69807.45,106523.67,69807.45,366.6542477,851,100000,851
1932,0,225400,316212.5,225400,671.9268317,1799.96875,162970,1799.96875
2150,0,20.9700525,20.9700525,22.1,2.050092782,9,222,9
2172,0,30,36.940875,30,0.475357806,2,54,2
2306,0,80.425,80.425,96,1.891709829,10,218,10
2348,0,101.5999999,101.5999999,211.85,648.0268661,42.99999993,24568.04297,42.99999993
2404,0,883.5,883.5,1497,32.24889327,137.5,1234,137.5
2473,0,27.8,38.299375,27.8,0.80320095,3.984619,21.9,3.984619
2483,0,21.4,26.65,21.4,0.35959074,1.8,26.9,1.8
2493,0,9.932083355,11.06875,9.932083355,0.169908262,0.9,23,0.9
2501,0,58.0525,102.739375,58.0525,2.399568198,6.705,2212.04,6.705
2506,0,36.345,39.0454375,36.345,0.531796115,3,155,3
2519,0,2.4,3.25,2.4,0.032442538,0.1,3.2,0.1
2526,0,37.7,41.08750012,37.7,0.763329691,5.041667,36,5.041667
2559,0,6940,11051.75,6940,630.1366583,5080,7590,5080
2568,0,802,1101.5,802,19.27545161,93,880,93
2603,0,7.5,9.75,7.5,0.125271463,0.7,7.5,0.7
2604,0,7,8.995,7,0.13187113,0.71,7.02,0.71
2605,0,13.5,17.145,13.5,0.26791171,1.42,15.96,1.42
2619,0,3,3.661648513,3,0.067957354,0.33,11,0.33
2631,0,37.9436744,57.91317885,37.9436744,1.869560385,8.57623884,37.4,8.57623884
2725,0,966907,1037982.5,966907,630.2870275,1096,544370,1096
2726,0,131,170.69375,131,4.378744359,20,115,20
2727,0,10.78255588,10.78255588,11,0.488960805,3,18,3
2735,0,29,43.5,29,0.832078065,4,29,4
2736,0,8,12.25701675,8,0.564084487,3.3443916,11.8,3.3443916
2737,0,11,14.5215,11,0.289953831,1.3735,14,1.3735
2739,0,19,19,27,0.447984985,2,41,2
2743,0,7,9.8870075,7,0.472560302,3,10,3
2744,0,19,23,19,0.759159443,4,18,4
2753,0,130.98125,130.98125,154,3.683734685,16,254,16
2770,0,44.9,51.2,44.9,1.047053921,4.38,68,4.38
2771,0,51.2,66.26126148,51.2,1.190910296,4.959873895,67.5,4.959873895
2772,0,8.06,10.425,8.06,0.347480884,2.067083,10.66512352,2.067083
2774,0,19,23.27517018,19,1.340757449,2.299596572,2065.1001,2.299596572
2775,0,71.89,96.96755822,71.89,1.687411304,6.944635879,75.625,6.944635879
2776,0,52,61.36877319,52,0.904785464,3.8,55,3.8
2778,0,104.6350168,118.6034467,104.6350168,2.168111155,8.455669072,463.4375,8.455669072
2779,0,47.94469788,73.27103399,47.94469788,1.412378148,6,67.62021369,6
2785,0,147.9750125,147.9750125,383,8.252427876,35,470,35
2786,0,62.3,62.3,168.462017,3.102269621,11.22369184,1064.771345,11.22369184
2787,0,15007.9,21496.575,15007.9,595.0090941,185.3,1488990,185.3
2823,0,162.3,162.3,387.1999842,6.933371569,34.025,1088,34.025
2850,0,61,76.25494475,61,1.151439545,5.9,57.7,5.9
2851,0,89,115.25,89,1.814645513,9.835,105.2,9.835
2852,0,12,14.1312755,12,0.281187702,1.5,14.7,1.5
2853,0,39.5,45.541625,39.5,1.101086609,5.308,135,5.308
2854,0,100,156.7347958,100,1.7863239,8.5,817,8.5
2855,0,344,545.332,344,7.998576989,36.23835,626,36.23835
2856,0,193.6,306.65,193.6,4.244004858,20.69,225,20.69
2857,0,56,92.39,56,1.168558965,6,67.8,6
2858,0,60.322066,77.75,60.322066,1.495200962,7.708,70,7.708
2859,0,34.6,43.95,34.6,1.007818823,5,52,5
2861,0,231,305.3,231,6.258624857,31.8,282.04,31.8
2885,0,15.54525914,15.54525914,19,0.774889413,3.285,75.8,3.285
2893,0,2.68,3.505,2.68,0.438459167,0.27,1550.448,0.27
2896,0,2.73,3.22771025,2.73,0.037749077,0.13,3.47,0.13
2907,0,108700,140724.5625,108700,542.359003,1080,560640,1080
2920,0,162.5,249.25,162.5,3.484472952,19.0950095,952.3,19.0950095
2991,0,2.625,2.625,3,0.044932073,0.25,8,0.25
2993,0,10,12.5,10,0.388731411,2.0566,26.4,2.0566
2994,0,105.92,129.165,105.92,2.955907292,12.9985,132.59,12.9985
2995,0,37.49913,37.49913,53.69,1.585245564,8.85,77.98,8.85
3025,0,2.443891304,3.166745,2.443891304,0.150559683,0.59436087,20.16667,0.59436087
3026,0,317.975,317.975,523.028,13.4994677,67.418,1954,67.418
3028,0,62345.2,72259,62345.2,1498.620201,1866.85,47440,1866.85
3034,0,5.041666678,6.354657609,5.041666678,0.237608013,1.00833,40.58542,1.00833
3041,0,21.2125,21.2125,50,1.174630852,7,49,7
3061,0,4.91,6,4.91,0.148114204,0.9,12.53,0.9
3063,0,32,42.025,32,0.547653846,2.97,38.86,2.97
3064,0,49.726,61.5,49.726,1.494375017,8.981,61,8.981
3072,0,43.5,43.5,57,0.78685911,4,71,4
3127,0,8.14,8.14,10,0.174956375,1,20,1
3129,0,142,158.21875,142,5.476881845,17.9825,8146.75,17.9825
3131,0,35,38.5,35,4.559340771,5.5,19283,5.5
3132,0,15,16.83,15,0.72259222,3.2,69,3.2
3133,0,80,93,80,2.717830426,10.923,255,10.923
3134,0,190,190,280.7,21.01658034,57.8,37683,57.8
3138,0,60,65.25,60,1.324667062,8.56,58.1,8.56
3142,0,5,6.24,5,0.285696295,1.5,11.84672322,1.5
3143,0,3.12,4.31,3.12,0.137964007,0.9,5,0.9
3145,0,30,34.75,30,0.730972743,4.68,32,4.68
3146,0,1.69,1.69,1.7,0.115787552,1,1.8,1
3148,0,1.5,1.5,2,0.026997244,0.03699227,1.9,0.03699227
3156,0,22.40986956,22.40986956,24,0.583817282,3.249643115,33,3.249643115
3158,0,4.8,6.23,4.8,0.313967019,1.635,6.92,1.635
3160,0,25.90163946,30.865,25.90163946,1.407964293,5.99882653,35.08,5.99882653
3161,0,12.52,15.855,12.52,0.567376646,2.913,93,2.913
3242,0,3330,4871.729918,3330,245.7141063,133,300473,133
3250,0,4,4.66,4,0.20197598,1.085259804,8,1.085259804
3258,0,44.08817886,44.08817886,56.09928908,1.685022348,6.579629677,97.94399429,6.579629677
3269,0,8.6,8.6,12.3,0.363629998,1.6515966,242,1.6515966
3284,0,9870,13666.66306,9870,120.225994,417,9028,417
3285,0,20,27.905,20,0.879516086,5.093814618,21.25,5.093814618
3297,0,100,108.21875,100,3.585932836,15,420.01,15
3344,0,30831,53157,30831,192.5035148,671,18524,671
3345,0,73,73,266.35,4.946199615,21,639,21
3346,0,283,561,283,351.8663211,34,1969807,34
3355,0,45.8800008,45.8800008,136.63,1.170997319,1.68,437.23,1.68
3356,0,1026150,1207062,1026150,3044.814734,1655.25,7183895,1655.25
3413,0,0.8705,0.8705,1,0.011314543,0.0593531,0.691129,0.0593531
3480,0,451,463.5,451,10.10952434,48,648,48
3482,0,437.25,437.25,1540,36.41747474,167,1040,167
3483,0,410,455.5,410,8.568577932,47,514,47
3590,0,229.5,331.793875,229.5,4.445460154,20,244.54,20
3701,0,20.25238628,20.25238628,33,0.586798898,3,75,3
3739,0,181,206.25,181,5.093946742,23,1010,23
3745,0,18.41875,18.41875,38,0.82455361,4,67,4
3795,0,17,21.780005,17,0.281791173,1.485,50.9,1.485
3828,0,214.15625,214.15625,507.15,11.44882541,55,1844,55
3829,0,186.5,270.5,186.5,5.587416531,21,162.5,21
3830,0,10.198606,10.375,10.198606,0.295822571,1.0706759,242.55,1.0706759
3846,0,603.2,919.395,603.2,17.45922288,72,528,72
3865,0,10.2325,14.38,10.2325,1.428817317,4.415826087,10.063,4.415826087
3866,0,29,40.5575,29,0.821704165,3.8105,25,3.8105
3870,0,8.3,11.83,8.3,0.700447015,1.039752,1595.336503,1.039752
3889,0,20.79971739,29.0738587,20.79971739,0.931210141,3.09,426.363,3.09
3913,0,575.375,575.375,1200,35.8318016,169.2,1667,169.2
3922,0,3.5,3.9,3.5,0.188492505,2.425,3.5,2.425
3924,0,2972,2972,3267,102.3358793,350,1116,350
3958,0,49.62095,49.62095,57.77135,1.229035465,6,183,6
4016,0,4.3,6.25,4.3,0.174950062,2,5,2
4020,0,18,24.9,18,0.531619432,2,375.47,2
4107,0,3.5,3.75,3.5,0.097148575,0.257635194,5,0.257635194
4347,0,370.65,370.65,538.7,12.04090359,51,548,51
4450,0,168.15,254.39675,168.15,1.750397335,7.5,87.5,7.5
4453,0,9.933375,9.933375,10.587,0.344769848,1.8039,21.307,1.8039
4477,0,177.5,177.5,387,6.371141477,25,1645,25
4478,0,85.685,114.78275,85.685,2.165968345,8,899.86,8
4481,0,230,277,230,4.872218252,22,287,22
4483,0,52,77,52,2.916984001,16,65,16
4485,0,305.5,305.5,419,10.94141001,51,1301,51
4486,0,552,552,716.5,17.68377576,74,697,74
4487,0,754.35,1003.5,754.35,22.7676026,127,760,127
4488,0,663,830,663,21.47721029,102.25,843,102.25
4489,0,356,514.5,356,11.57062369,45,301.8,45
4503,0,5.81,7.175,5.81,0.219842741,1,35.5,1
4611,0,21.62,21.62,43.415,1.107036975,4,77.2,4
4624,0,30306.24,37251.38819,30306.24,69.15326727,178.616,14418.5,178.616
4782,0,0.98,1.119769965,0.98,0.016665389,0.05,1.32,0.05
4801,0,4.18,4.701625,4.18,2.024414297,2.089,3358.743,2.089
4844,0,439.84625,439.84625,773.5325,47.10948862,123.104,12854.17,123.104
4848,0,323.44,409.6,323.44,4.505057127,23.4220135,316.33,23.4220135
4849,0,58.305,58.305,227.24,5.748556464,29.32,542.14,29.32
4852,0,444.51,444.51,612.9075,14.41301888,55.070003,1576.56,55.070003
4853,0,415.282,622.9415,415.282,19.28217385,36.014,31120.81,36.014
4854,0,588.88125,588.88125,786.4315556,11.31001285,62.54954549,719.95008,62.54954549
4857,0,307229.1,361571.195,307229.1,888.1250596,1589.355,309624,1589.355
4858,0,9818.57031,9837.58,9818.57031,0.652157379,0.6,1202.25,0.6
4859,0,1926.7225,2731,1926.7225,21.80984696,31.665,8950,31.665
4861,0,22.94375,22.94375,31.207,0.895543962,4.722,408.26,4.722
4862,0,9900.1,9910.75115,9900.1,0.876111133,0.42,1202.25,0.42
4863,0,1179,1824.45,1179,26.04963759,29,9618,29
4865,0,11.305,11.305,25.3125,0.653763602,3.44,412.03,3.44
4866,0,9987.19141,9997.772563,9987.19141,14.98450899,0.5595,9982.39,0.5595
4867,0,2715,3414,2715,19.44534197,35,8603.6,35
4869,0,22.435,22.435,32.744,1.332082434,3.9,887.83,3.9
4875,0,5442.85,5442.85,135877.1,421.0210478,246.5,144126.05,246.5
4879,0,27.2,27.2,31.38,0.875771301,3.2385,100.2,3.2385
4924,0,449.28,773.918712,449.28,8.109262652,36.5025,360.1,36.5025
4954,0,33.004,65.925,33.004,1.644513765,0.10974,1724,0.10974
5138,0,598.3,598.3,1160,35.57379347,138,13100,138
5229,0,2.44242,2.44242,2.854,0.272519057,1.086475,24.609,1.086475
5230,0,2.43,2.43,2.63315,0.313041428,1.2226338,14.362,1.2226338
5259,0,3407.25,3407.25,3630,97.33044671,350,5178,350
5265,0,31.79,38.15,31.79,0.497080231,0.08,729,0.08
8374,0,51.929,62.44625,51.929,2.452940642,9.137,90.81,9.137
8452,0,4.3,5.5,4.3,0.131927761,0.7515,8.1,0.7515
8456,0,95.375,95.375,106.648,6.104622807,27.7665,1295,27.7665
8476,0,285.55,285.55,804.3,17.35902707,84,7119,84
8489,0,17.6233913,23.714125,17.6233913,1.251339983,3.54,224.8,3.54
8490,0,15.418,22.24423913,15.418,1.345414849,3.783,227.8,3.783
8493,0,14,14,18,0.433578935,1,85,1
8494,0,15.8515,21.30029891,15.8515,0.804041791,2.898,13.0035,2.898
8509,0,29.67253563,42.18300325,29.67253563,1.087325829,5.090208552,351.3265427,5.090208552
8511,0,84.83861333,116.2903882,84.83861333,3.997796706,12.44654701,823.3012883,12.44654701
8945,0,135,192.3125,135,5.051966127,16.19164267,109.45,16.19164267
8955,0,1.685,1.685,2,0.03990321,0.0134547,2,0.0134547
8956,0,2.14,2.775,2.14,0.085170149,0.8,3,0.8
8961,0,12.8300348,16.20032745,12.8300348,0.631267801,3,109.8,3
8996,0,297.7260393,297.7260393,893.0437598,6.722027791,24.65771621,621.2187415,24.65771621
9173,0,80.87,98.325,80.87,1.4466144,9.69,59.84,9.69
9174,0,9.995,9.995,15.43,0.406500165,2.094,23.23,2.094
9176,0,18.25,18.25,21.7,0.792918613,3.607,95.18,3.607
9177,0,8.6,11.375,8.6,0.237627027,1.28,22.5,1.28
9181,0,2.4,2.793125,2.4,0.166766438,0.9,8.06,0.9
9189,0,5329.87,7448.15,5329.87,18.75840547,64.46,2812.75,64.46
9225,0,271.875,271.875,488.95,12.9097204,57.58,1300,57.58
9226,0,1.21,1.605953414,1.21,0.041845198,0.194728009,17.15188368,0.194728009
9241,0,48.117,68.108625,48.117,1.413097927,6.07,43.6,6.07
9242,0,37.538375,37.538375,42.275,0.79960283,2.8805,168.56,2.8805
9243,0,5573.125,6888.407258,5573.125,14.01970584,59.87096777,1478.666667,59.87096777
9244,0,5215.1285,7048.24,5215.1285,22.67797795,68.76,3195.39,68.76
9245,0,51.712,70.275,51.712,0.969936548,4.828,95.53,4.828
9246,0,632.571429,974.5,632.571429,5.041331887,18.622,454,18.622
9248,0,36,36.25,36,0.597559326,2,141.076,2
9256,0,132.6529223,169.8305096,132.6529223,4.825362385,12.68482054,3571.480408,12.68482054
9274,0,120.7239525,153.8458116,120.7239525,2.296774069,9.04253835,96.34524476,9.04253835
9275,0,43.42452439,52.82198268,43.42452439,0.992434946,4.36513738,52,4.36513738
9283,0,68.47767157,71.50199091,68.47767157,2.890212872,11.40064513,162.6364579,11.40064513
9295,0,32.07502024,32.07502024,35.61311659,53.0215044,4.611724404,81133.01487,4.611724404
9296,0,2039.41904,2635.988436,2039.41904,9.962829106,46.75845099,2051.9033,46.75845099
9300,0,77.9825,77.9825,106.54,2.594813628,9.4025,200,9.4025
9301,0,24027.942,36535.3035,24027.942,103.5660596,262.026,10156,262.026
9305,0,3.301762695,5.806630679,3.301762695,0.21976437,1.831289001,4,1.831289001
9308,0,5.951304173,10.73638252,5.951304173,0.342179503,2.875,6.09,2.875
9309,0,74,105.8668478,74,3.584652711,13.86987174,69.23,13.86987174
9311,0,6014.6,7353.8925,6014.6,37.29905834,80.00813043,37005,80.00813043
9326,0,31.005,31.005,51.18,1.624268402,7.681,101,7.681
9410,0,10910,12693.5,10910,235.3723205,770.85,5576,770.85
9416,0,0.628882568,0.628882568,1.5,0.012418969,0.048223821,1.949024254,0.048223821
9417,0,3.844942897,6,3.844942897,0.251286235,1.646155071,4.11875,1.646155071
9424,0,70.15391957,75.87046634,70.15391957,3.174923926,13.57562321,173.09061,13.57562321
9438,0,901939.55,1327368,901939.55,6980.108091,22885.22,964823.4,22885.22
9448,0,47.24,65.135,47.24,1.168770231,7.3285,64.22,7.3285
9450,0,10.299,12.10565217,10.299,0.627337421,2.403809783,90,2.403809783
9456,0,1289,1816.25,1289,14.36884771,105.3,962,105.3
9460,0,1206116,1620971.5,1206116,1423.094948,4116.4,411334,4116.4
9477,0,238.64,298.38125,238.64,5.675477553,29.6755,281.5,29.6755
9478,0,61.909,88.95,61.909,0.798759076,4.08,38.92,4.08
9479,0,499.239,747.8075,499.239,18.70549383,81.162,571.79,81.162
9480,0,61.6,75.14625,61.6,20.56276163,13.98,32768,13.98
9481,0,408.968,496.64,408.968,10.26020674,48.133,350.41,48.133
9482,0,429.363,575.15,429.363,12.51097557,56.46,448.51,56.46
9483,0,162.607,269.94,162.607,9.754805214,44.57,360.41,44.57
9484,0,42.589,63.31,42.589,2.985546461,15.28,44.35,15.28
9485,0,622.068,630.65,622.068,11.30149931,68.213,649.14,68.213
9486,0,57.01,57.01,59.634,1.739402507,11.878,61.13,11.878
9488,0,125.0475,125.0475,396.876,4.629143481,13.482,1078.59,13.482
9489,0,23.8,24.375,23.8,0.276129757,0.75,28.88,0.75
9491,0,53.54608696,77.49646739,53.54608696,7.9444262,7.89901087,7039.55,7.89901087
9504,0,71.96198341,84.73603192,71.96198341,2.445312087,10.65825,74.51354042,10.65825
9507,0,15.005,15.92,15.005,1.107275029,5.03,18.6,5.03
9508,0,2.5279636,3.155,2.5279636,0.393151657,1.6942849,13.7,1.6942849
9518,0,15.98079403,27.97019111,15.98079403,0.508980542,2.36006824,26.68,2.36006824
9519,0,25.5587708,25.5587708,25.80980835,1.502880166,6.547292077,53.89,6.547292077
9520,0,12.608,14.30940174,12.608,23.74326728,4.122090909,6193.36,4.122090909
9524,0,43.43589744,43.43589744,44,0.024601442,0,1.685823755,0
9525,0,,,,4.81E-05,9.08E-06,0.002145234,9.08E-06
9526,0,8.298626611,11.40484758,8.298626611,0.126472742,0.220497778,6.857923611,0.220497778
9527,0,31.732,33.8,31.732,1.018146161,2.28,802.89,2.28
9533,0,,,,,,,
9534,0,104.775,104.775,217.98,19.51561141,44.18055,2606.65,44.18055
9535,0,84.54825,84.54825,215.4,41.32937175,46.221,6615.56,46.221
9538,0,70,94.8,70,3.21526935,13.0955,804.2,13.0955
9541,0,83.137875,83.137875,193.475,23.3603316,27.524,7999,27.524
9542,0,6.5985,6.5985,25.36,0.603191455,2.72,105.911,2.72
9543,0,11.1075,11.1075,48.4,116.197821,7.1261,6999.011,7.1261
9544,0,11.5518935,15.10735182,11.5518935,0.881849236,3.2367847,288.2807147,3.2367847
9545,0,41.3,41.3,1110.65,44.03118978,110,2336,110
9567,0,0.64,1.426825,0.64,0.017735373,0.092248824,1.689311065,0.092248824
9569,0,11.69252121,12.64800326,11.69252121,0.555327073,3.879762328,8.175011495,3.879762328
9570,0,14.00830886,14.19257775,14.00830886,0.293187394,1.679762479,8.531600705,1.679762479
9571,0,9.356884623,10.59201279,9.356884623,2.690366534,2.619550814,2510.961553,2.619550814
9572,0,0.354659929,0.409693657,0.354659929,0.038328436,0.010181266,69.70697917,0.010181266
9573,0,0.179245436,0.182632867,0.179245436,0.003707276,0.013204112,0.165573831,0.013204112
9574,0,1.857312557,4.268972664,1.857312557,0.086151929,0.687976119,3.061083984,0.687976119
9577,0,1.562,2.4985,1.562,0.060319572,0.5,2.039,0.5
9578,0,0.9537356,1.417495526,0.9537356,0.168683962,0.493029311,186,0.493029311
9589,0,1.968924769,1.968924769,2.554122917,26709304424,0.14794286,6.22E+13,0.14794286
9592,0,31.86530925,36.76110484,31.86530925,0.639366738,3.301158264,13.64017316,3.301158264
9595,0,3.982919297,5.650991253,3.982919297,0.59235305,0.76707245,561.8164434,0.76707245
9599,0,1.655093956,1.655093956,1.662097946,336.7688315,0.138565661,591308.6107,0.138565661
9600,0,0.492507378,0.492507378,0.505156556,0.10374197,0.028408495,46.62517611,0.028408495
9606,0,2.223116667,2.390846915,2.223116667,0.081282615,0.27,10.55,0.27
9627,0,202556.625,311883.375,202556.625,409.5125758,1505.377,31107,1505.377
9630,0,12,18.3225,12,0.995387253,1.917,803,1.917
9636,0,18.575,27.175,18.575,0.913495639,3.5345,45.06155375,3.5345
9650,0,27.1505,27.1505,30,0.541124154,2.584,25.434946,2.584
9662,0,197,281.5,197,6.355417791,29,141,29
9665,0,36.94,43.5,36.94,1.739847903,9,37,9
9666,0,18.75,18.75,20,1.078197388,8,20,8
9667,0,112,156.5,112,3.313727168,15,128.3,15
9668,0,61177.245,103918.7625,61177.245,133.9266861,377.25,13819.683,377.25
9677,0,83,95.45,83,2.6170459,8,146,8
9678,0,20.34375,20.34375,30.5725,0.87749984,4.297,55.68,4.297
9680,0,10.777652,14.05495007,10.777652,1.999640252,3.228324852,2899.226073,3.228324852
9683,0,285.47615,470.157375,285.47615,18.93379042,127.0076,270.12105,127.0076
9687,0,2,3.244031554,2,0.037300079,0.240438819,1.8,0.240438819
9730,0,80.32845762,80.32845762,218.9989311,3.419741569,15.01,325.62,15.01
9735,0,65.9475,88.20275,65.9475,4.094517089,16.177,99.04,16.177
9738,0,29.29094431,49.53612643,29.29094431,0.862632162,3.932301513,20.05884886,3.932301513
9739,0,18.13324616,27.42418802,18.13324616,1.625547192,6.107846394,30.1015625,6.107846394
9740,0,4672.3,4687.2475,4672.3,13.73181154,0.5,41800.5,0.5
9742,0,5383.487,5423.982,5383.487,4.482426536,0.915,7883,0.915
9755,0,31.37875,31.37875,110.45,1.868468064,9.865,187,9.865
9756,0,41.25,41.25,55.41,1.393872832,5.6,34.6,5.6
9757,0,69.5,69.5,198.1,3.700235114,19,225,19
9758,0,15.11,15.11,28.6,0.772988746,3,73.3,3
9759,0,4.26,4.26,13.825,0.79325325,4,96.4,4
9814,0,7746.25,7746.25,15700,251.4171307,1100,5980,1100
9815,0,21.6075,24.24375,21.6075,1.009941182,4.232,53,4.232
9830,0,16.2,27.835,16.2,0.18944888,1,22,1
9831,0,166.5025,166.5025,476.76,9.822760805,51.083,841.93,51.083
9833,0,125.7510969,125.7510969,146.8729937,8.692345261,34.85960923,866.9582648,34.85960923
9834,0,39.76,39.76,51.276,0.469958201,3.096,28.26,3.096
9835,0,5.0502,5.789,5.0502,0.59118898,2.2675,26.987,2.2675
9838,0,10.68,10.8,10.68,0.096903409,0.34,10.31,0.34
9840,0,83.66,123.8,83.66,1.516886309,6.172,38,6.172
9846,0,0.692271633,0.692271633,0.913769659,0.038084518,0.18216845,2.45447684,0.18216845
9847,0,0.194594375,0.194594375,0.422932962,0.013439557,0.078570807,0.766528,0.078570807
9848,0,0.481568263,0.481568263,1.250933245,0.011040494,0.041870934,1.683241421,0.041870934
9849,0,1.997946821,2.618958855,1.997946821,0.027933738,0.127611858,2.357991688,0.127611858
9850,0,5705.34,5730.9875,5705.34,0.629794736,0.51,162.6,0.51
9851,0,152,210.58,152,1.843410119,10,122.61,10
9852,0,5557.287,5589.2675,5557.287,0.260489629,0.62,2.62,0.62
9853,0,547.5,903.785,547.5,12.47484774,55.586,513,55.586
9854,0,6004.3,6015.77625,6004.3,0.13656922,0.41,3.39,0.41
9855,0,59.725,84.18,59.725,1.35526576,7,101,7
9856,0,6034.738,6058.14,6034.738,0.224421129,0.54,14.25,0.54
9857,0,259.85,428.5,259.85,5.278819645,21,420,21
9858,0,4899.337,4913.0325,4899.337,0.159939701,0.43,15.7,0.43
9859,0,642.425,642.425,656.6,13.2720344,67.476,624,67.476
9864,0,5692.487,5724.465,5692.487,0.320291848,0.93,7.94,0.93
9865,0,124.25,124.25,151.25,4.213069554,23.6,402.69,23.6
9867,0,4226.66,4237.725,4226.66,0.037204112,0.13,0.41,0.13
9868,0,120.1925959,120.1925959,149.9131527,8.837382619,36.06024495,866.9660989,36.06024495
9869,0,74.07078187,74.07078187,134.7176053,4.741810841,21.94348659,882.328972,21.94348659
9870,0,94.76778816,94.76778816,187.0388269,7.206805189,32.74241143,158.7310543,32.74241143
9871,0,17.07064331,17.07064331,22.85747391,0.471626372,1.830914629,37.6882275,1.830914629
9872,0,52.2588536,65.36073151,52.2588536,2.774432788,12.42590042,66.28154349,12.42590042
9873,0,7.172815062,7.172815062,17.11839239,0.380596497,1.336051087,68.04017857,1.336051087
9874,0,312.351435,312.351435,349.9301533,11.33094964,50.05492853,311.9710257,50.05492853
9885,0,13.1895,14.07,13.1895,0.768181873,3.514,13.56,3.514
9893,0,30.65,30.65,33.9,1.763965933,6,367,6
9895,0,5345.6,7127,5345.6,25.09779798,60.9,3442,60.9
9896,0,73,73,105,3.275472558,12.25,138,12.25
9897,0,37,37,62.54,1.812440435,6.8,64,6.8
9898,0,14.175,14.175,20.055,0.838304745,3.4,47.7,3.4
9906,0,2.7906326,3.796376097,2.7906326,0.154835935,0.858344,68.2,0.858344
9907,0,5.165,5.165,5.4685,113269.7977,0.21377545,222801497.7,0.21377545
9908,0,5.5,8.733189458,5.5,0.53285981,1.5,6.401,1.5
9909,0,1.45,1.965,1.45,0.036268183,0.25,2.68,0.25
9911,0,195.605,195.605,512.234,6.366573529,30.275,806.67,30.275
9923,0,103,103,158,3.635713424,15,253,15
9925,0,1.656,1.656,3.4038,0.270051087,2.0072,17.047,2.0072
9926,0,15,32.714,15,0.114389003,1,11,1
9935,0,7.72345,15.41225,7.72345,0.075244004,0.052,52.326,0.052
9936,0,10.096,12.621625,10.096,0.136176329,0.6536,6.663,0.6536
9938,0,5.739,5.739,8,0.048827402,0.1083,8,0.1083
9940,0,365.5,365.5,653.2,9.761609907,44,300,44
9942,0,5.712,7.163625,5.712,0.012742362,0.0719,2.426,0.0719
9956,0,235.138,330.07,235.138,6.793617339,25.2475,121,25.2475
9957,0,47.026,62.575,47.026,2.856275536,9.7805,30.17,9.7805
9958,0,1000,1130,1000,32.17891378,150,2548,150
9959,0,145.335,145.335,149.487,3.025097152,17.852,111.32,17.852
9963,0,10.555,13.57660072,10.555,0.307568334,1.747298039,8.67,1.747298039
9968,0,10.469,16.642625,10.469,0.340251578,1.8824,11.26,1.8824
9997,0,8330,9672.3,8330,30.99108635,110,908.8,110
9998,0,7690.59,7699.455,7690.59,0.175313283,0.61,4.57,0.61
10019,0,137.5,137.5,388.3,9.526122679,42,470,42
10020,0,7616.35,7635.665,7616.35,3.4907225,0.2,6852.05,0.2
10026,0,32.25,32.25,175.808,4.340685886,26.811,223.9,26.811
10030,0,12.335,12.335,16.308,0.570405977,1.974,95.18,1.974
10031,0,6.251,7.0275,6.251,0.096895968,0.57,4.75,0.57
10032,0,107.11875,107.11875,136.8865,8.559505929,16.69,913.85,16.69
10033,0,5.01,9.03,5.01,0.12589983,0.7035,6.47,0.7035
10034,0,29.73,29.73,47.75,1.261863547,6.081,33.98,6.081
10035,0,60.475,60.475,86.326,2.089599662,11.066,70.32,11.066
10054,0,286.95,286.95,1080,21.35828354,120,630,120
10063,0,4.490125,4.490125,4.7381,0.094893889,0.556,4.5,0.556
10064,0,14.3415,21.125,14.3415,0.488370399,3,14.718,3
10066,0,47.9645,55.80497386,47.9645,0.940328524,3.206506525,70.33,3.206506525
10067,0,40.752575,44.8363125,40.752575,0.347796475,1.0026081,36.67,1.0026081
10068,0,42.38,49.23375,42.38,0.873921433,4.175,33.2,4.175
10069,0,44.1645,80.66625,44.1645,1.008831845,5.6545,41.12,5.6545
10078,0,2989.206557,3401.063883,2989.206557,98.05050049,10.43573207,258791.1709,10.43573207
10079,0,3379.0525,3379.0525,5413.587,7.917071381,10.8815,2789.44,10.8815
10112,0,524.1375,524.1375,1510,34.64257603,131.3,1040,131.3
10113,0,219.075,219.075,422.4,15.87203257,74,490,74
10115,0,520.2375,520.2375,1480,38.39892581,151,1340,151
10119,0,72.5,72.5,145,3.829817291,15,631.2,15
10120,0,321.05,321.05,618.9,13.19059471,48,881,48
10123,0,51.598447,51.598447,120.551855,2.500573506,10.611332,179.3299,10.611332
10178,0,14318,15743.25,14318,92.2177041,330,1706,330
10179,0,10591,10971,10591,44.26570605,168.1,1213,168.1
10181,0,1535,1535,1600,53.47043874,180,1437,180
10191,0,61.2275645,111.2436655,61.2275645,0.971487822,4.626185,19.85686,4.626185
10203,0,5.197633065,7.963265325,5.197633065,0.28255663,1.396281518,16.16683127,1.396281518
10206,0,3.7,3.934527,3.7,0.258228459,2.1870931,3.865179,2.1870931
10207,0,3.0418649,5.4188785,3.0418649,0.244515893,2.1625262,3.69699,2.1625262
10208,0,177.0546488,177.0546488,270.541705,5.161251555,21.90278,112.4,21.90278
10217,0,208.7525,208.7525,255.3,6.10866159,25,289.8,25
10287,0,23.176,23.176,28.698,1.470691346,6.375,101.7,6.375
10297,0,13.87,13.87,73,0.937308708,2.9,135,2.9
10318,0,9.035744267,9.739958799,9.035744267,8.723849898,0.025636205,3378.707644,0.025636205
10321,0,206.9,206.9,1020,19.47279382,110,630,110
10332,0,9.022809,17.4553414,9.022809,0.141848437,0.691660177,11.404918,0.691660177
10337,0,38.113898,38.113898,111.00008,2.095084792,11.7057045,56.47458,11.7057045
10364,0,151364.3,197033.9025,151364.3,585.3539742,770.316,116762.89,770.316
10365,0,168,168,356.4,14.60647786,65,1276,65
10366,0,565.075,565.075,1130,33.68395705,145,2292,145
10370,0,409.65,409.65,781,25.09344444,100.245,1310,100.245
10371,0,483.9125,483.9125,564,11.44953499,59,691,59
10372,0,10006.3,10014.47,10006.3,44.49494159,251.5075,3606.44,251.5075
10377,0,49.811375,49.811375,53.7245,3.039749494,12.575,62.81,12.575
10387,0,3.991337336,3.991337336,4.683868243,0.609963417,2.569988225,36.28483675,2.569988225
10388,0,5.480807065,5.480807065,6.775445652,0.821048734,3.272763316,24.30913043,3.272763316
10389,0,17.52081865,20.75472175,17.52081865,1.648057784,6.158816966,30.42773974,6.158816966
10390,0,66.91733803,66.91733803,273.1007727,8.547198554,42.11078828,309.0440586,42.11078828
10393,0,8.344534053,8.344534053,37.77489411,0.5950068,3.12639096,14.9073913,3.12639096
10394,0,80.29528874,80.29528874,175.2673587,4.930306609,23.09529811,147.7556232,23.09529811
10395,0,83.20981201,83.20981201,195.8308127,6.15455906,29.43144224,150.9472559,29.43144224
10398,0,61.09553117,61.09553117,167.59097,3.980872859,22.58203939,127.205157,22.58203939
10400,0,18.58179356,18.58179356,291.77186,6.757564406,40.5793114,346.1224372,40.5793114
10401,0,18.995,18.995,34.4,3.025838608,10.791,317.4,10.791
10415,0,33.948,46.075,33.948,2.268870833,7.69865,27.078,7.69865
10417,0,14.95975,14.95975,18.4305,0.272041778,1.2294,13.245,1.2294
10424,0,8,13.25,8,0.13052018,0.57564426,8,0.57564426
10440,0,41.385,41.385,140.4,4.824988318,24.945,208.21,24.945
10441,0,7.159,7.181,7.159,0.285311065,1.7714,7.133,1.7714
10442,0,9.16,13.7225,9.16,0.100436199,0.498,4.807,0.498
10443,0,17.83475,17.83475,18.75,0.464629195,1.899,17.134,1.899
10446,0,10.51875,10.51875,11.9695,0.374169881,1.802,15.17,1.802
10447,0,8,14.9655,8,0.080080214,0.13125,8,0.13125
10448,0,20.119625,20.119625,22.4645,1.086181564,5.99985,21.239,5.99985
10449,0,14.2,16.03525,14.2,0.955382735,4.472495,23.99,4.472495
10450,0,8.52375,8.52375,15.7,0.267812317,0.968,41.02,0.968
10451,0,2.1025,2.324375,2.1025,0.106062971,0.565,5.331,0.565
10452,0,3.44895,6.17575,3.44895,0.050449331,0.2428,3.046,0.2428
10453,0,5.2665,5.2665,7.8725,0.330796547,1.5235,6.45,1.5235
10455,0,12.3925,12.3925,13.416,0.268425837,1.55035,16.89,1.55035
10456,0,28.309,28.309,85.68,5.756571429,14.479,507.556,14.479
10457,0,5.65575,5.65575,11.97,2.939746544,4.75,325.5,4.75
10496,0,32.4625,32.4625,96.125,2.148534296,11.28,60.1,11.28
10497,0,130.15,130.15,280.2,7.191104651,36,251,36
10516,0,31.27,41.205,31.27,0.338590799,1.591,18.47,1.591
10524,0,5585.319397,5955.07145,5585.319397,5.53880691,7.259281915,214.6059664,7.259281915
10525,0,32621.1148,46894.13203,32621.1148,97.29847875,269.3703592,1215.830728,269.3703592
10527,0,,,,0.01306732,0.000600762,0.576614962,0.000600762
10528,0,5015.513877,5015.513877,5272.960546,39.17089234,128.6051715,1114.147671,128.6051715
10533,0,1.085,1.6525,1.085,0.061235974,0.5235,1.73,0.5235
10534,0,6998.802,7018.275,6998.802,0.234930663,0.62,29.5,0.62
10541,0,10.8485,18.665,10.8485,0.617619512,2.134,10.04,2.134
10546,0,,,,0,0,0,0
10547,0,19.87941819,34.87324375,19.87941819,0.600425231,2.528066407,20.22644734,2.528066407
10550,0,22830.36,35511.9,22830.36,17.99622843,145.031,10700,145.031
10551,0,6990.4,6994.3,6990.4,118.6633839,1.4,62770,1.4
10552,0,1332.9,1525.5,1332.9,35.14914992,124.7,537,124.7
10554,0,484.2175,484.2175,504.305,7.278636848,38.193,520.6,38.193
10555,0,91.725,91.725,276.9,5.086415057,25.6,250,25.6
10562,0,21.23276482,35.36286833,21.23276482,1.188001847,5.04301162,12.84589262,5.04301162
10563,0,22.54344329,35.23216879,22.54344329,0.983484481,4.312993915,16.51020365,4.312993915
10564,0,14.2845,14.2845,51.605,0.838095108,3.53,110.287,3.53
10565,0,32.9105,37.109,32.9105,1.432530452,5.5473,318.973,5.5473
10566,0,18.58275,18.58275,41.61,0.808196826,3.5895,127.291,3.5895
10567,0,74.89,74.89,113,1.720960317,7.9,51.9,7.9
10574,0,8.864,8.864,21.591,0.514551282,2.09,33.74,2.09
10577,0,2990.078261,4083.825,2990.078261,17.57823124,69.24,1736.5148,69.24
10581,0,31.804,35.49,31.804,0.590205587,2.5255,34.453,2.5255
10582,0,82.6,120.485,82.6,3.357022089,13.55,736.9,13.55
10583,0,5918.317,5969.213125,5918.317,5.689,1.0204,5902.088,1.0204
10584,0,25929.46,45842.01,25929.46,142.0720673,310.3205,17796.635,310.3205
10585,0,99.33,167.0425,99.33,4.274617524,17.378,66.75,17.378
10586,0,112.06,151.515,112.06,2.98334819,14.648,64.49,14.648
10587,0,,,,0.001706667,0.01,0.61,0.01
10590,0,0.0105,0.0105,0.393,0.082098972,0.007,105.335,0.007
10600,0,27.99,57.679,27.99,0.499346909,2.3,26.473,2.3
10601,0,12.72,13.202875,12.72,1.008200663,5.632,16.1,5.632
10602,0,7.4155,8.144125,7.4155,0.115738657,0.6174,3.411,0.6174
10603,0,3.2613,3.703625,3.2613,0.112967484,0.8457,4.091,0.8457
10604,0,37.13925,37.13925,68.979,10.71219098,7.3785,7011.62,7.3785
10605,0,6048.7402,14965.76437,6048.7402,1.390044179,0.91105,5999.955,0.91105
10606,0,5878.296,9362.855,5878.296,32.89511556,109.0195,722.516,109.0195
10607,0,43.3865,82.0845,43.3865,19.52980513,6.0015,7029.44,6.0015
10608,0,80.958704,135.9166943,80.958704,4.182785845,17.42045075,94.54502,17.42045075
10610,0,81.60125,81.60125,117.895,5.430973997,26.0775,238.3,26.0775
10612,0,94.2,199.632,94.2,7.134567384,6.3025,6988.18,6.3025
10613,0,81.59,148.025,81.59,3.256418093,13.6375,49.46,13.6375
10617,0,29.07467688,29.07467688,36.6092225,1.703588564,8.00596,61.53704,8.00596
10618,0,5.9132,7.5905,5.9132,5.689467861,2.8908,6995.125,2.8908
10619,0,61.69,103.8145,61.69,1.571278857,6.6515,70.52,6.6515
10620,0,62.382,109.555,62.382,1.651967656,8.158,57.5,8.158
10626,0,4374.9,4374.9,6999,61.61028478,34.4815,6999,34.4815
10627,0,42.99101625,42.99101625,44.507609,0.622670188,1.8735825,33.55761,1.8735825
10628,0,17.89941,37.0888245,17.89941,10964912.52,0.358746,10000000012,0.358746
10629,0,10.393995,11.6151505,10.393995,0.144861539,0.4307231,12.248038,0.4307231
10635,0,15.757,16.413375,15.757,3.281686441,2.3881,6994.779,2.3881
10643,0,19.164,32.3105,19.164,0.555388777,3.17,20.972,3.17
10644,0,6.523,6.8765,6.523,0.305639691,1.515,34.242,1.515
10645,0,10.1,11.92725,10.1,0.23433866,1.4864,10.969,1.4864
10646,0,8.115,11.08575,8.115,0.383619161,2.102,6.051,2.102
10651,0,5946.04415,14809.99393,5946.04415,24.66854464,13.409685,5940.193,13.409685
10652,0,5.1185,7.8245,5.1185,0.19985575,0.93975,15.02,0.93975
10653,0,14.9815,14.9815,29.272,0.159381715,0.633,29,0.633
10654,0,33.99275,33.99275,34.865,2.115186332,9.9,68.41,9.9
10655,0,357.81,512.38375,357.81,9.856976939,55.94,352.2,55.94
10656,0,8136.27965,8158.15975,8136.27965,4.522127389,0.7924,8122.051,0.7924
10657,0,35607,48231.55125,35607,175.1207746,566.91,10753.80331,566.91
10658,0,12.808,15.9855,12.808,0.194366927,0.91,12.29,0.91
10659,0,214.985,362.63375,214.985,4.739733296,31.195,225.5,31.195
10660,0,355.29,376.50225,355.29,6.75201246,40.936,310.6,40.936
10661,0,6.513039,7.1656895,6.513039,0.28772143,1.7016196,13.379,1.7016196
10665,0,127.675,152.0225,127.675,6.90382135,27.8,293.97,27.8
10666,0,10.494,14.30275,10.494,5.96937176,3.2394,6996.77,3.2394
10668,0,31.95,68.27,31.95,0.42115568,1.102,27.4,1.102
10669,0,76.9,139.84,76.9,1.665289868,7.952,279.94,7.952
10670,0,6.558,7.5805,6.558,0.327319042,1.70215,9.879,1.70215
10671,0,31.7745,31.7745,39.694,2.178735914,12.6,53.79,12.6
10672,0,22.588,33.87675,22.588,0.76767171,3.5375,18.84,3.5375
10673,0,6999,17494.482,6999,23.26350053,0.004,6999,0.004
10674,0,8.97,17.5955,8.97,0.274089447,1.3869,9.71,1.3869
10676,0,17.498625,17.498625,19.5,0.677493293,4.13085,22.325,4.13085
10678,0,8.167,8.167,42.464,2.858492742,6.887,307.4,6.887
10683,0,6.072,8.707,6.072,0.155336753,0.901,4.861,0.901
10685,0,5.046,5.046,5.1833,0.112679964,0.12325,12.26,0.12325
10687,0,18.184875,18.184875,23.14,0.48373993,2.55,27.73,2.55
10688,0,9.11464875,9.11464875,44.750449,0.468416427,1.28958,46.609758,1.28958
10689,0,32.99,57.631875,32.99,0.221152473,1.02,59.62,1.02
10690,0,64.5,91.805125,64.5,1.89409911,8.7385,329.2,8.7385
10691,0,53.235,67.8515,53.235,0.88503678,4.19,22.34,4.19
10692,0,123.52,123.52,142.4,2.712401945,12.795,133.41,12.795
10693,0,7.67025,7.67025,32.93,1.756354387,4.04245,1222.991,4.04245
10694,0,113.10475,113.10475,114.71,3.19048203,15.077,82.18,15.077
10702,0,24.5,33.1995,24.5,0.78109656,3.111,96.72,3.111
10707,0,9.5635,11.833375,9.5635,0.409027867,2.1977,11.74,2.1977
10709,0,66.85575,66.85575,73.12,2.73949811,15.117,103.8,15.117
10710,0,35.1375,64.056375,35.1375,0.901314638,3.425,38.69,3.425
10712,0,50.174,110.124,50.174,0.779080599,2.251,48.42,2.251
10714,0,4103.78,5143.252212,4103.78,24.85242149,132.068,1693.871157,132.068
10715,0,568.05,700.475,568.05,16.55051405,67.1,400,67.1
10717,0,1130.5,1130.5,3200,76.0933697,350,5300,350
10718,0,12425,12425,25000,455.0679247,2000,13200,2000
10719,0,3.78625,3.78625,20.935,0.735981501,4.1,25.25,4.1
10720,0,7400,7400,18300,273.0811663,1200,5390,1200
10721,0,272,272,766.5,16.80961687,89,1190,89
10722,0,4580,4615,4580,156.8684027,760,7770,760
10723,0,8650,8650,13900,275.763734,1130,10870,1130
10724,0,5980,5980,13500,182.7091661,900,4700,900
10725,0,232,232,681,12.81893871,60,1151,60
10726,0,180.65,180.65,625,11.290086,61,692,61
10727,0,71.8,71.8,179,2.00829421,7,320.6,7
10728,0,70.6,70.6,126,2.93125543,11,222,11
10729,0,212,212,416,7.066840555,30,940.6,30
10730,0,189,189,486,11.31886363,60,899,60
10731,0,482,749.95,482,10.88080971,58,1150,58
10732,0,151.75,151.75,374,10.61230916,48,955,48
10733,0,262,262,474,10.90410973,53,1062,53
10734,0,942.5,942.5,1680,42.21830255,211,2690,211
10735,0,305,305,525,14.71000238,66,1569,66
10736,0,272.5,272.5,413,10.68021042,49,970,49
10737,0,1152.5,1152.5,2150,54.33870637,210,4680,210
10738,0,174,174,411.55,26.3212229,92,5062,92
10740,0,192.45,192.45,536,24.93151515,109,6595,109
10741,0,103.90625,103.90625,366.3,10.1024929,45,486.2,45
10742,0,7100,7100,15600,238.266436,1100,6500,1100
10743,0,22.9,22.9,50,1.441731699,7.1,115.3,7.1
10744,0,235,245.5,235,31.23006769,80,26300,80
10745,0,11.35,11.35,14,0.753327196,3,147,3
10746,0,25.1,25.1,37,3.337296388,12,802,12
10747,0,94.85,94.85,130,10.2267686,36.01,644,36.01
10748,0,1.805,1.805,7.885,0.209552032,1,35,1
10749,0,2.63875,2.63875,9.519,0.162687144,0.8,44,0.8
10750,0,11.17,11.17,174.9,21.66519393,115.575,965.2,115.575
10751,0,5003,5003,7427,253.7541551,1060,31200,1060
10752,0,40.75,40.75,58.6,10.68906489,34,1128.3,34
10753,0,19.25,19.25,27,2.010876508,6.3,561.1,6.3
10754,0,88.7,88.7,99.88,6.332500816,20.4,1545,20.4
10755,0,138.65,138.65,336,15.31378625,61,3990,61
10756,0,309.875,309.875,590,39.96499333,144,10200,144
10757,0,125.4,125.4,316.15,26.97798795,99,4950,99
10758,0,14.15,14.15,23,0.750729058,1.3,490,1.3
10759,0,191.6,191.6,634,41.50399319,151.3,10000,151.3
10760,0,346.45,346.45,664,42.93072485,150,12975,150
10761,0,30.26,30.26,90.925,2.9508371,4.009,3550,4.009
10762,0,24.08,24.08,45.29,1.751240949,7,433.56,7
10763,0,40.025,40.025,89,3.854218835,11,1497.46,11
10764,0,20.78125,20.78125,63.8,5.483048968,14.8955,4404.5,14.8955
10765,0,397.5,397.5,745,49.84759609,176.05,12840,176.05
10766,0,342.5,342.5,675,48.17703632,173.25,13180,173.25
10767,0,9.4,9.4,26.7,2.436184646,4.513,954,4.513
10768,0,309.5,309.5,930,19.29422307,104,910,104
10769,0,31.9,31.9,37.2,0.554751532,2,41,2
10770,0,223.25,223.25,319,5.035030062,22,567,22
10771,0,20.65,20.65,62.62,1.386076711,7,175,7
10772,0,21.48375,21.48375,71.3,1.459559601,7,91,7
10773,0,37,37,86,1.717322716,8,153,8
10774,0,49.01,49.01,77,2.585449412,12,210,12
10775,0,23.04125,23.04125,45,0.818631979,3.91,45.9,3.91
10776,0,54.35,54.35,60,0.864146471,3,86.5,3
10777,0,137.2,137.2,206,3.39375946,14.6,319,14.6
10778,0,59.85,59.85,155.15,3.93922628,14.52,297.1,14.52
10779,0,415,415,1310,27.06271477,145,1060,145
10780,0,337,337,605,9.888192995,45,660,45
10781,0,407.5,407.5,753.3,15.22411927,72,680,72
10782,0,64,67.75,64,1.505881255,5.4,32,5.4
10783,0,9.3,9.3,43.5,0.894683805,5,84,5
10784,0,111,111,225,3.599936744,18,313,18
10785,0,98.7725,98.7725,138.65,3.573873171,16.62,50.6,16.62
10786,0,6.5375,6.5375,16,0.259932034,1.1,27.6,1.1
10787,0,72.175,72.175,244,8.269833309,41.715,276,41.715
10788,0,1043.5,1043.5,1550,32.73682811,130,1430,130
10789,0,7.15,7.15,13,0.192633686,1,22,1
10790,0,6.8,6.8,8.5,0.16882628,0.4,43,0.4
10791,0,3.87,3.87,4.8135,0.22406785,1.05,16.42,1.05
10792,0,12.6,12.6,21,0.349384115,1.8,36,1.8
10793,0,7.375,7.375,21,0.440895392,2,57,2
10794,0,9.7275,9.7275,22.85,0.435260075,2,60,2
10795,0,76,76,221,3.221295657,16,215,16
10796,0,25.7,25.7,53.51,1.097396566,5,123,5
10797,0,45.15,45.15,130,2.343123638,11,170,11
10798,0,553.5,553.5,678,15.4168908,60,620,60
10799,0,748,844.5,748,20.83611624,103,1540,103
10800,0,8.99,10.555,8.99,0.498883002,2.55,10.67,2.55
10801,0,883,1046,883,116.7187472,461.79,4160,461.79
10812,0,184.79,251.745,184.79,8.363676543,12,995,12
10830,0,12.353,14.201,12.353,0.163503639,0.64035,4.81,0.64035
10831,0,63.5685,139.85,63.5685,0.263024466,0.6,57.7,0.6
10832,0,65.33,77.38,65.33,0.278503869,0.51,50.97,0.51
10833,0,76.5,108.97,76.5,0.238635693,0.47,28.48,0.47
10834,0,37.64,57.32625,37.64,0.068007273,0.19,0.45,0.19
10835,0,8220.55,8220.55,8251.5154,329.7837083,509.4872,18492.647,509.4872
10836,0,9.11,20.15925,9.11,0.162119381,0.8402,4.222,0.8402
10839,0,2.201155239,2.326902174,2.201155239,0.049822176,0.185386319,1.115402758,0.185386319
10840,0,631.6809674,631.6809674,904.8965478,24.43048225,98.43750182,400.1408729,98.43750182
10841,0,44.32108696,44.32108696,67.4991413,2.944238705,11.35739731,50.84124058,11.35739731
10842,0,34.79435082,34.79435082,87.87278152,1.055542187,4.17091796,39.54891304,4.17091796
10843,0,24.01384746,24.01384746,27.89423913,2.338040599,9.04333913,33.6371463,9.04333913
10847,0,115.8725,115.8725,141.93,5.289791271,20.436,53.7,20.436
10869,0,56.648,94.096,56.648,2.266905419,9.575,54.128,9.575
10946,0,121.89,121.89,380.856,13.35928499,59.57,563.02,59.57
10954,0,78.036,111.5405,78.036,2.344675274,11.95,45.24,11.95
10955,0,5585.319397,5955.07145,5585.319397,5.53880691,7.259281915,214.6059664,7.259281915
10956,0,5585.319397,5955.07145,5585.319397,5.53880691,7.259281915,214.6059664,7.259281915
10957,0,13.47500001,14.61874997,13.47500001,0.906263874,3.611111011,12.54444456,3.611111011
10958,0,74.74166735,156.3461009,74.74166735,1.929492032,8.089062603,18.31666728,8.089062603
10959,0,3.064670143,3.064670143,8.405034721,0.137007703,0.143717971,9.922222222,0.143717971
10960,0,9254.706654,9898.227128,9254.706654,10.6774881,83.75289607,354.5848077,83.75289607
10962,0,2.860875,2.860875,54.395,1.816805471,10.1095,101,10.1095
10963,0,1.0425,1.0425,2.6096,0.329544753,1.84215,3.764,1.84215
10964,0,0.3625,0.3625,3.17085,0.11458427,0.89135,3.65,0.89135
10965,0,0.563,0.563,2.1773,0.15563662,1.1555,4.468,1.1555
10966,0,7.0244,10.5705,7.0244,0.158943741,0.718,3.134,0.718
10967,0,8.08,16.4335,8.08,0.095536313,0.7146,2.83,0.7146
10968,0,248,281.2,248,22.80065217,134.7325,631.1,134.7325
10970,0,486.97,838.25125,486.97,14.0391028,50.1,232.81,50.1
10974,0,2614.2,3221.5,2614.2,5.703804348,12,823,12
10987,0,177.75,270.04,177.75,4.887495769,17.328,272,17.328
10994,0,9034.3,9049.425,9034.3,16.9003416,0.5,7132.3,0.5
10995,0,8852.24,8867.66,8852.24,19.10926455,0.71,7051.05,0.71
10996,0,8825,8838.15,8825,0.396088505,0.6,113.5,0.6
10997,0,8463.96,8483.315,8463.96,28.58039082,0.48,7999,0.48
10999,0,8575.0012,8618.415,8575.0012,0.169207721,0.6551,2.574,0.6551
11001,0,37.69,46.945,37.69,15.29561138,0.27,7058.71,0.27
11005,0,72.745,80.2925,72.745,0.791244111,2.3155,24.91,2.3155
11006,0,367.138462,479.0615375,367.138462,11.81797857,33.77589755,324.470769,33.77589755
11007,0,14.786,14.786,22.675,0.899888943,5.011,71.99,5.011
11012,0,27.321,46.06725,27.321,1.774543542,4.67,15.06,4.67
11017,0,362.55,362.55,1049.6,44.64793885,192.68,2812.6,192.68
11018,0,5837.69,5846.91125,5837.69,0.121690369,0.27,31.36,0.27
11020,0,116.563745,138.9837013,116.563745,0.217201602,0.647759,33.1041,0.647759
11021,0,52.386,79.17575,52.386,2.887623013,8.812,22.42,8.812
11022,0,31.79075,31.79075,51.132,4.812873552,22.9775,209.7,22.9775
11036,0,8.979,9.354625,8.979,0.05761165,0.1975,4.432,0.1975
11122,0,,,,,,,
11123,0,,,,,,,
11124,0,,,,,,,
11125,0,,,,,,,
11129,0,8116.2025,8122.03375,8116.2025,0.152390244,0.888,0.92,0.888
11130,0,7676.6925,7689.33,7676.6925,0.223609756,0.42,11.66,0.42
11152,0,5709.946,5713.94,5709.946,0.074574468,0.15,0.28,0.15
11158,0,7599.1675,7601.82375,7599.1675,0.027114428,0.07,0.14,0.07
11172,0,25.3985,26.95,25.3985,1.223106295,5.358,30.25,5.358
11243,0,,,,,,,
11245,0,,,,,,,
11249,0,30.055,30.055,31.624,1.137078652,3.97,26.05,3.97
11250,0,,,,,,,
11257,0,15.977,15.977,32.32,1.142031447,5.461,39.03,5.461
11264,0,106.66,158.82,106.66,9.485416244,48.055,239.07,48.055
11265,0,158.94,173.85,158.94,3.682172589,17.2,49.29,17.2
11266,0,125.115,165.43875,125.115,2.513135359,14.0235,84.137,14.0235
11279,0,,,,0,0,0,0
11283,0,0.306544698,0.306544698,0.621057525,0.015730158,0.043864014,0.640552662,0.043864014
11285,0,8.394953184,10.36420983,8.394953184,0.107733845,0.41113726,3.674513079,0.41113726
11298,0,0.066,0.066,0.066,0.002163934,0,0.066,0
11299,0,5585.316202,8943.434278,5585.316202,38.20175674,107.9726364,175.0853119,107.9726364
11304,0,1.345,1.345,2.593,0.071743119,0.35,2.56,0.35
11311,0,59.325,83.35,59.325,5.591230769,17.14,38.3,17.14
11324,0,93.1,93.1,150.25,2.490731707,20.04,63.9,20.04
11325,0,144.025,144.025,186.9,8.259574468,31.9,92.7,31.9
11326,0,91.1875,91.1875,124,5.5,22.64,52,22.64
11327,0,123.95,123.95,219,21.81394366,111.1665,268,111.1665
11328,0,733.3,1306.8625,733.3,58.28736842,298.75,516.7,298.75
11329,0,31.025,34.1375,31.025,3.564015748,17.47,50.4,17.47
11330,0,41.8,41.8,50.4,7.545454545,29.685,60.4,29.685
11331,0,146.35,146.35,182,12.08,53.25,69,53.25
11332,0,38.45,38.45,44.42,3.820454545,15.31,28.2,15.31
11333,0,0.004578,0.008460557,0.004578,0.000930455,0.003559978,0.007605875,0.003559978
11335,0,,,,0,0,0,0
